lkݐ,֓
ÓVhC,֓
C{[`MC],֓
{,֓
l,֓
͐,֓
앐[`],֓
ߌ,֓
앐[l`K],֓
()[`],֓
(e),֓
{[`匎],֓
~[`~],֓
~[~`],֓
ܓs,֓
Fs{[`Fs{],֓
Fs{[Fs{`],֓
,֓
鋞z[`z],֓
z[q`z],֓
[`],֓
,֓
GR,֓
֐()[i`],֓
֐(e),֓
֐[i`],֓
֐[ˁ`킫],֓
()[`t],֓
{[t`q],֓
[,֓
O[,֓
c[䑷q`c],֓
c[q`c`Eq],֓
t,֓
,֓
,֓
v,֓
,֓
Ȑ,֓
ɓ,֓
z[`],֓
Mz{[`],֓
S,֓
ː,֓
ѐ,֓
쓌C,֓
S,֓
XJCc[C,֓
Tː,֓
t,֓
[I`],֓
A[op[NC,֓
,֓
z,֓
Fs{,֓
S{,֓
,֓
,֓
ː,֓
ɐ[v`ɐ],֓
S,֓
rܐ,֓
,֓
Vh,֓
,֓
,֓
ΐ,֓
Ly,֓
L,֓
R,֓
q,֓
,֓
R,֓
g,֓
g,֓
gۃm,֓
gJ,֓
g,֓
gc,֓
gLy,֓
g,֓
gk,֓
gsS,֓
}sdS,֓
},֓
}ڍ,֓
}css,֓
}䒬,֓
},֓
}r,֓
}cJ,֓
dS,֓
,֓
V,֓
͌,֓
,֓
n,֓
,֓
̓,֓
dS,֓
{,֓
c,֓
,֓
t,֓
猴,֓
,֓
cXJCANZX,֓
sʋ,֓
sc󑐐,֓
scOc,֓
scVh,֓
sc]ː,֓
sdr,֓
闢EɐlCi[,֓
l}sdS,֓
}{,֓
}`,֓
}t,֓
}q,֓
}vl,֓
c}dS,֓
c}c,֓
c}]m,֓
c},֓
lsʋ,֓
u[C,֓
O[C,֓
֓S,֓
֓S푍,֓
֓SP,֓
lS,֓
݂ȂƂ݂炢,֓
ǂ̍,֓
͓S,֓
S{,֓
Sݖ,֓
ŎRS,֓
ŎRS,֓
qdS,֓
qdS,֓
ѓdS,֓
ѓdS,֓
ЂȂClS,֓
ЂȂClS,֓
ʐVss,֓
j[Vg,֓
ɓ}s,֓
MdS,֓
MdS,֓
S,֓
SËS{,֓
R,֓
R[Ju,֓
肩,֓
肩ߐ,֓
l][gC,֓
fBYj[][gC,֓
^c,֓
^c,֓
킽点kJc,֓
킽点kJc,֓
ՊCS,֓
ՊCS􎭓,֓
sVssS,֓
΃GNXvX,֓
xm}s,֓
xm}s,֓
ՊCS,֓
񂩂,֓
S,֓
SR,֓
S,֓
S,֓
ʍS,֓
ʍS,֓
tS,֓
t,֓
VdS,֓
V,֓
kS,֓
k,֓
oRS,֓
oRS,֓
]mdS,֓
]mdS,֓
Ó샂m[,֓
Ó샂m[,֓
ssm[,֓
ssm[,֓
tssm[,֓
tssm[,֓
m[,֓
m[,֓
ɓS,֓
ɓSYR,֓
S,֓
S,֓
ݓS,֓
ݓS,֓
lV[TChC,֓
V[TChC,֓
ٖ{[M`Dy],kC
ٖ{[Dy`〈],kC
ٖ{[ف`],kC
ٖ{[`M],kC
ٖ{[〈`],kC
ΐ,kC
wss,kC
@J{,kC
Ζk{,kC
Ԗ{,kC
G{,kC
{[`V],kC
{[V`H],kC
xǖ,kC
Ώ,kC
{,kC
{[`Ϗq],kC
{[Ϗq`〈],kC
ԍ,kC
Dysʋ,kC
Dysc,kC
Dysck,kC
DyscL,kC
Dysd,kC
삢ѓS,kC
삢ѓS,kC
َsƋ,kC
َsd,kC
k{[`],k
k{[`m],k
k{[`],k
k{[mց`],k
R,k
ΐ,k
֐[킫`],k
։z,k
։z,k
,k
Ί,k
C,k
Dn,k
ΐ,k
Rc,k
ː,k
喩,k
R`,k
H{[V`Hc],k
H{[Hc`X],k
č,k
,k
H,k
H,k
k,k
cΐ,k
ԗ֐,k
j,k
ܔ\,k
Ìy,k
Hz{[VÁ`c],k
Hz{[c`Hc],k
V,k
OS,k
OSkAX,k
OS샊AX,k
OS,k
OSO,k
OSk,k
sʋ,k
sck,k
sc,k
ÌyS,k
ÌyS,k
HccѓS,k
Hc,k
XS,k
XS,k
RS,k
RS,k
R`S,k
R`St[,k
ÓS,k
ÓS,k
`S,k
`ANZX,k
G}s,k
G}s,k
,k
ʔэ,k
IGRċ͓S,k
ċ͓S,k
SÉ{,
S,
SO͐,
SLc,
SS,
S튊,
Sz`,
S͘a,
SmV,
Sː,
Sq,
Se,
SR,
SL,
SÓ,
S,
S|@EH,
SL,
S`,
JRC,
C{[MC`L],
C{[L`Č],
a,
g,
ѓc,
L,
R{[򕌁`J],
{[É`Ð],
{[Ð`K],
,
֐{[É`TR],
I{[TR`V{],
Q{,
,
JR{,
{[匎`K],
C,
m,
厅[{`쏬J],
Mz{[]Á`V],
юR,
z,
F,
z[`],
JR{,
k{,
㓪,
,
X,
[,
R{[J`xR],
厅[쏬J`],
ߋE{S,
ߓSÉ,
ߓS鎭,
ߓS̎R,
ߓSu,
ߓSRc,
ߓSH,
Ésʋ,
ÉscR,
Ésc,
Éscߕ,
Éscʐ,
Éscѓc,
Ésc`,
xRnS,
xRnS{,
xRnSR,
xRnSszE,
xRnSxRsO,
S,
SRi,
SO,
OS,
OSO,
OSk,
Ȃ̓S,
Ȃ̓S,
Ȃ̓SkȂ̐,
c,
S{,
S,
LS,
LS,
LSs,
gL߂S,
͂˂܃C,
{CЂC,
kS,
kSΐ,
kS,
xRCg[,
xRCg[,
̂ƓS,
̂ƓS,
AsR,
AsRʏ㍂n,
IRS,
IRS,
lsȂ낤S,
lsȂ낤S,
̕ƂܓS,
̕ƂܓS,
cdS,
cdSʏ,
kz}s,
kz}sقق,
dS,
dS,
t,
t,
m,
j,
Cʎ,
CʎƏk,
VlΓS,
VlΓS,
BS,
BS,
ÉS,
ÉS,
ɓS,
ɓSx,
xd,
xS,
MS,
MS,
mS,
mS,
ÉՊCS,
Ȃݐ,
{VS,
{VS,
ÉKChEFCoX,
Ƃ[ƃC,
ɐS,
ɐS,
ǐS,
ǐSz,
mS,
mS,
S,
S,
,ߋE
JRߍ,ߋE
JRː,ߋE
iΐ,ߋE
JRs,ߋE
ΐ,ߋE
Ð,ߋE
,ߋE
wss,ߋE
JR,ߋE
JR_ː,ߋE
a,ߋE
I{[a̎R`a̎Rs],ߋE
Hߐ,ߋE
֐{[TR`],ߋE
ޗǐ,ߋE
,ߋE
a̎R,ߋE
֐`,ߋE
ac,ߋE
̂ɐ,ߋE
Ð,ߋE
dA,ߋE
ߐ,ߋE
l,ߋE
mR[R`mR],ߋE
RA{[`],ߋE
,ߋE
ߋE{S,ߋE
ߓS,ߋE
ߓSޗǐEg,ߋE
ߓS͂Ȑ,ߋE
ߓSs,ߋE
ߓS,ߋE
ߓSV,ߋE
ߓSMM,ߋE
ߓS,ߋE
ߓSc{,ߋE
ߓS,ߋE
ߓS,ߋE
ߓS䏊,ߋE
ߓSg,ߋE
ߓS,ߋE
}dS,ߋE
}s{,ߋE
}ɒO,ߋE
}Ð,ߋE
}bz,ߋE
}_˖{,ߋE
}˖{,ߋE
}ʐ,ߋE
}痢,ߋE
}R,ߋE
チg,ߋE
j[g,ߋE
チg䓰ؐ,ߋE
チgJ,ߋE
チgl,ߋE
チg,ߋE
チgO,ߋE
チgؐ,ߋE
チgxߌΒn,ߋE
チgؐ,ߋE
CdS,ߋE
C{,ߋE
C`,ߋE
Ctl,ߋE
Cސ,ߋE
C,ߋE
Ca̎R`,ߋE
C,ߋE
C,ߋE
dS,ߋE
{E,ߋE
,ߋE
F,ߋE
㋞Ð,ߋE
ΎR{,ߋE
㒆V,ߋE
_dS,ߋE
_{,ߋE
_Ȃΐ,ߋE
_ɐ,ߋE
_ˍ,ߋE
_˓dS,ߋE
_˓dSLnEOc,ߋE
_˓dSss,ߋE
_˓dS,ߋE
bRdS,ߋE
bRdSbR{,ߋE
bRdSƔn,ߋE
_ːV,ߋE
|[gCi[,ߋE
ZbCi[,ߋE
EB[gCY,ߋE
sOS{,ߋE
sOS{E{L,ߋE
\dS,ߋE
\dS,ߋE
\dS,ߋE
dS,ߋE
dSR{,ߋE
dSk,ߋE
RzdS,ߋE
RzdS{,ߋE
RzdSԊ,ߋE
_ˎsʋ,ߋE
_ˎsc_ER,ߋE
_ˎscCݐ,ߋE
ssʋ,ߋE
sscGې,ߋE
ssc,ߋE
ɉS,ߋE
ɉS,ߋE
Myc,ߋE
Myc,ߋE
kS,ߋE
kS,ߋE
㍂S,ߋE
ヂm[,ߋE
a̎Rdc,ߋE
a̎RdcMu,ߋE
k_}sdS,ߋE
k_}sdS,ߋE
dCO,ߋE
dCO,ߋE
k}sdS,ߋE
k}s,ߋE
ߍ]S,ߋE
ߍ]S,ߋE
ԓS,ߋE
ԓS,ߋE
IBS,ߋE
IBS,ߋE
kS,ߋE
kS,ߋE
ԕ,
RA{[`vc],
RA{[vc`],
Rz{[PH`O],
Rz{[O`⍑],
Rz{[⍑`],
PV,
ˑ勴[R`],
F[`F],
ÎR,
,
g,
,
,
|,
,
؎,
,
,
⓿,
F,
c,
R,
I,
LdS,
LdS{,
LdSs,
ꔨd,
ꔨdԖk],
ꔨdԑА,
S,
S,
L,
AXgC,
ѐS,
ѐS,
䌴S,
䌴S,
q}s,
q}s,
RdCO,
RdCO,
ՊCS,
ՊCS,
ˑ勴[`F],l
\][`R],l
\][R`Fa],l
y][xÁ`m],l
y][m`E],l
\y,l
,l
,l
,l
,l
ɗ\S,l
ɗ\Sl,l
ɗ\S͌,l
ɗ\SS,l
ɗ\SRs,l
ՕdS,l
ՕdSՕ,l
ՕdSux,l
ՕdS,l
y낵S,l
y낵SEhѐ,l
y낵S߂EȂ͂,l
CݓS,l
CݓS,l
Ƃł,l
Ƃłʐ,l
{[i``喴c],B
{[喴c`],B
L{[q`啪],B
L{[啪`{],B
L{[{`],B
k䂽,B
c,B
ᏼ,B
Ő,B
cFR,B
㓡,B
{[`],B
}[Õl`],B
}[Á`ɖ],B
Ð,B
{,B
ې,B
呺,B
v{,B
L{,B
Op,B
F,B
gs,B
{`,B
,B
wh,B
Rz{[ց`i],B
{S,B
SV_喴c,B
Sɕ{,B
SÖؐ,B
SLː,B
sʋ,B
sc`,B
sc,B
scG,B
}LS,B
}LSɓc,B
}LSc,B
}LSc,B
숢hS,B
숢hS,B
ܐS,B
ܐS,B
F{dS,B
F{dS,B
ssm[,B
䂢[,B
sʋ,B
sd,B
F񂶓S,B
F񂶓S,B
F{sʋ,B
F{sd,B
YS,B
YS,B
kBS,B
kBm[,B
JR{,B
,B
}LdS,B
}LdS,B
ÖؓS,B
ÖؓS,B
S,B
S,B
dCO,B
dCO,B
